{
  "_fv": 39,
  "_type": "overlay",
  "definition": {
    "priority": "NORMAL",
    "components": [
      {
        "type": "label",
        "data": {
          "name": "label_empty",
          "text": {
            "fixedValue": "<VAR:Timer>"
          },
          "color": {
            "value": -1,
            "falpha": 0.0
          },
          "x": 123,
          "y": 209
        }
      }
    ],
    "baseTexture": "",
    "overlayTarget": "Ingame",
    "displayCondition": {
      "name": "PanicDisplayOverlayIngame"
    },
    "gridSettings": {
      "sx": 16,
      "sy": 16,
      "ox": 4,
      "oy": 4,
      "snapOnGrid": true
    }
  }
}